uo_cod,uo_sigla,fonte_cod,fonte_desc,2023,2024,2025_reest,2025_loa,2026,alertas
1011,ALMG,60,RECURSOS DIRETAMENTE ARRECADADOS,47419377.36,61838726.31,22000000.0,0.0,25000000.0,OK
1021,TCEMG,60,RECURSOS DIRETAMENTE ARRECADADOS,30886588.74,34811625.66,20779514.0,0.0,0.0,RECEITA NAO ESTIMADA
1031,TJMG,60,RECURSOS DIRETAMENTE ARRECADADOS,133986990.46,125578499.59,166216596.0,0.0,0.0,RECEITA NAO ESTIMADA
1051,TJMMG,60,RECURSOS DIRETAMENTE ARRECADADOS,3083923.36,2609329.88,2616446.02,0.0,0.0,RECEITA NAO ESTIMADA
1071,GABINETE MILITAR,45,"DOACOES DE PESSOAS, DE INSTITUICOES PRIVADAS OU DO EXTERIOR A ORGAO E ENTIDADES DO ESTADO",10781.53,470.32,0.0,0.0,0.0,ATENCAO
1071,GABINETE MILITAR,57,TRANSFERENCIAS DA UNIAO POR MEIO DE PORTARIA - EXCETO EMENDAS INDIVIDUAIS E DE BANCADA,4267884.74,6007132.95,12502000.0,0.0,0.0,RECEITA NAO ESTIMADA
1081,AGE,9,"TERMOS DE AJUSTAMENTO, DOACOES CONTROLADAS POR INSTRUMENTO JURIDICO E CONGENERES",1000000.0,6513349.09,0.0,0.0,0.0,ATENCAO
1081,AGE,57,TRANSFERENCIAS DA UNIAO POR MEIO DE PORTARIA - EXCETO EMENDAS INDIVIDUAIS E DE BANCADA,0.0,152009.07,0.0,0.0,0.0,ATENCAO
1091,PGJ,47,ALIENACAO DE BENS DE ENTIDADES ESTADUAIS,1977689.57,426204.02,6200000.0,0.0,0.0,RECEITA NAO ESTIMADA
1091,PGJ,60,RECURSOS DIRETAMENTE ARRECADADOS,30325518.83,50449460.22,42422000.0,0.0,0.0,RECEITA NAO ESTIMADA
1091,PGJ,70,CONVENIOS COM OS MUNICIPIOS,0.0,0.0,4500000.0,0.0,0.0,ATENCAO
1191,SEF,9,"TERMOS DE AJUSTAMENTO, DOACOES CONTROLADAS POR INSTRUMENTO JURIDICO E CONGENERES",0.0,18509208.92,162729.39,0.0,0.0,ATENCAO
1191,SEF,74,ACORDOS E AJUSTES DE COOPERACAO MUTUA COM AS INSTITUICOES PRIVADAS E OS ORGANISMOS DO EXTERIOR,22711411.89,23279207.24,21737252.0,0.0,0.0,RECEITA NAO ESTIMADA
1221,SEDE,1,CONVENIOS COM A UNIAO E SUAS ENTIDADES - EMENDAS INDIVIDUAIS,57683.94,25227.56,0.0,0.0,0.0,ATENCAO
1221,SEDE,24,CONVENIOS COM A UNIAO E SUAS ENTIDADES - EXCETO EMENDAS INDIVIDUAIS E DE BANCADA,4876504.29,4046551.28,82925270.0,0.0,0.0,RECEITA NAO ESTIMADA
1221,SEDE,60,RECURSOS DIRETAMENTE ARRECADADOS,7500.0,1266.75,0.0,0.0,0.0,ATENCAO
1221,SEDE,98,TRANSFERENCIAS ESPECIAIS DE RECURSOS DA UNIAO,0.0,115203.36,0.0,0.0,0.0,ATENCAO
1231,SEAPA,1,CONVENIOS COM A UNIAO E SUAS ENTIDADES - EMENDAS INDIVIDUAIS,0.0,0.0,764000.0,0.0,0.0,ATENCAO
1231,SEAPA,24,CONVENIOS COM A UNIAO E SUAS ENTIDADES - EXCETO EMENDAS INDIVIDUAIS E DE BANCADA,2573660.81,1206068.74,16139000.0,0.0,0.0,RECEITA NAO ESTIMADA
1231,SEAPA,59,OUTROS RECURSOS VINCULADOS,2614583.95,9993583.63,6532637.6,0.0,0.0,RECEITA NAO ESTIMADA
1231,SEAPA,98,TRANSFERENCIAS ESPECIAIS DE RECURSOS DA UNIAO,0.0,643324.78,0.0,0.0,0.0,ATENCAO
1251,PMMG,1,CONVENIOS COM A UNIAO E SUAS ENTIDADES - EMENDAS INDIVIDUAIS,2431872.7,2448701.73,11594097.0,0.0,0.0,RECEITA NAO ESTIMADA
1251,PMMG,2,CONVENIOS COM A UNIAO E SUAS ENTIDADES - EMENDAS DE BANCADA,27571540.7,30807974.77,30981340.0,0.0,0.0,RECEITA NAO ESTIMADA
1251,PMMG,9,"TERMOS DE AJUSTAMENTO, DOACOES CONTROLADAS POR INSTRUMENTO JURIDICO E CONGENERES",88122.34,4013913.93,8502000.0,0.0,0.0,RECEITA NAO ESTIMADA
1251,PMMG,24,CONVENIOS COM A UNIAO E SUAS ENTIDADES - EXCETO EMENDAS INDIVIDUAIS E DE BANCADA,2179642.26,27833301.33,23935674.49,0.0,0.0,RECEITA NAO ESTIMADA
1251,PMMG,45,"DOACOES DE PESSOAS, DE INSTITUICOES PRIVADAS OU DO EXTERIOR A ORGAO E ENTIDADES DO ESTADO",105096.89,466526.68,155897.67,0.0,145685.0,OK
1251,PMMG,60,RECURSOS DIRETAMENTE ARRECADADOS,9870601.6,9870761.49,8717243.87,0.0,2239331.0,VALOR DISCREPANTE
1251,PMMG,68,CONVENIOS COM AS INSTITUICOES PRIVADAS E OS ORGANISMOS DO EXTERIOR,332204.44,174418.64,1502000.0,0.0,0.0,RECEITA NAO ESTIMADA
1251,PMMG,69,CONVENIOS COM OS ESTADOS E O DISTRITO FEDERAL,3547013.38,4925223.79,5802000.0,0.0,0.0,RECEITA NAO ESTIMADA
1251,PMMG,70,CONVENIOS COM OS MUNICIPIOS,16849000.26,23794773.2,29258555.0,0.0,0.0,RECEITA NAO ESTIMADA
1251,PMMG,73,"ACORDOS, AJUSTES E DEMAIS INSTRUMENTOS DE COOPERACAO MUTUA COM A UNIAO E SUAS ENTIDADES",43938585.6,33242652.39,76801000.0,0.0,0.0,RECEITA NAO ESTIMADA
1251,PMMG,98,TRANSFERENCIAS ESPECIAIS DE RECURSOS DA UNIAO,0.0,4065245.65,0.0,0.0,0.0,ATENCAO
1261,SEE,3,TRANSFERENCIAS DO FNDE VINCULADAS A EDUCACAO - EMENDAS INDIVIDUAIS,423154.8,424.32,5959169.14,0.0,0.0,RECEITA NAO ESTIMADA
1261,SEE,13,FUNDO DE MANUTENCAO E DESENVOLVIMENTO DA EDUCACAO BASICA - FUNDEB - REGULARIZACAO DE EXERCICIOS ANTE,15106134.25,7971723.67,1935373.42,0.0,0.0,RECEITA NAO ESTIMADA
1261,SEE,21,COTA ESTADUAL DO SALARIO EDUCACAO - QESE,748303118.48,878571383.18,861084084.21,0.0,0.0,RECEITA NAO ESTIMADA
1261,SEE,23,FUNDO DE MANUTENCAO E DESENVOLVIMENTO DA EDUCACAO BASICA - FUNDEB,11607605063.83,12453905066.11,12587192589.75,0.0,0.0,RECEITA NAO ESTIMADA
1261,SEE,24,CONVENIOS COM A UNIAO E SUAS ENTIDADES - EXCETO EMENDAS INDIVIDUAIS E DE BANCADA,153662.35,363169.2,28719107.0,0.0,0.0,RECEITA NAO ESTIMADA
1261,SEE,36,TRANSFERENCIAS DO FNDE VINCULADAS A EDUCACAO - EXCETO EMENDAS INDIVIDUAIS E DE BANCADA,262147756.83,441103813.71,467404644.15,0.0,0.0,RECEITA NAO ESTIMADA
1261,SEE,60,RECURSOS DIRETAMENTE ARRECADADOS,770777.62,0.0,0.0,0.0,0.0,OK
1261,SEE,70,CONVENIOS COM OS MUNICIPIOS,32428.43,8563.23,0.0,0.0,0.0,ATENCAO
1261,SEE,90,TRANSFERENCIAS DO FUNDEB - COMPLEMENTACAO DA UNIAO - VAAR,0.0,121022150.74,0.0,0.0,0.0,ATENCAO
1261,SEE,98,TRANSFERENCIAS ESPECIAIS DE RECURSOS DA UNIAO,0.0,2199493.11,0.0,0.0,0.0,ATENCAO
1271,SECULT,16,DEMAIS TRANSFERENCIAS VINCULADAS DA UNIAO,0.0,146790348.07,142366186.49,0.0,0.0,ATENCAO
1271,SECULT,17,TRANSFERENCIAS DESTINADAS AO SETOR CULTURAL - LC 195/2022 - ART 5O - AUDIOVISUAL,140029718.36,5138444.15,6154538.47,0.0,0.0,RECEITA NAO ESTIMADA
1271,SECULT,24,CONVENIOS COM A UNIAO E SUAS ENTIDADES - EXCETO EMENDAS INDIVIDUAIS E DE BANCADA,6948.94,0.0,34972986.0,0.0,0.0,ATENCAO
1271,SECULT,57,TRANSFERENCIAS DA UNIAO POR MEIO DE PORTARIA - EXCETO EMENDAS INDIVIDUAIS E DE BANCADA,50306222.91,2150563.62,101857.77,0.0,0.0,RECEITA NAO ESTIMADA
1271,SECULT,59,OUTROS RECURSOS VINCULADOS,0.0,0.0,0.0,0.0,0.0,OK
1271,SECULT,69,CONVENIOS COM OS ESTADOS E O DISTRITO FEDERAL,0.0,10157066.0,21451000.0,0.0,0.0,ATENCAO
1301,SEINFRA,24,CONVENIOS COM A UNIAO E SUAS ENTIDADES - EXCETO EMENDAS INDIVIDUAIS E DE BANCADA,26014968.09,26083742.38,1732078225.0,0.0,0.0,RECEITA NAO ESTIMADA
1301,SEINFRA,57,TRANSFERENCIAS DA UNIAO POR MEIO DE PORTARIA - EXCETO EMENDAS INDIVIDUAIS E DE BANCADA,56240.25,130.01,0.0,0.0,0.0,ATENCAO
1301,SEINFRA,59,OUTROS RECURSOS VINCULADOS,7298743.0,6724853.56,3484250.44,0.0,0.0,RECEITA NAO ESTIMADA
1301,SEINFRA,70,CONVENIOS COM OS MUNICIPIOS,3740332.01,1384149.82,13182226.0,0.0,0.0,RECEITA NAO ESTIMADA
1301,SEINFRA,73,"ACORDOS, AJUSTES E DEMAIS INSTRUMENTOS DE COOPERACAO MUTUA COM A UNIAO E SUAS ENTIDADES",5546430.79,1277023.16,31000.0,0.0,0.0,RECEITA NAO ESTIMADA
1301,SEINFRA,74,ACORDOS E AJUSTES DE COOPERACAO MUTUA COM AS INSTITUICOES PRIVADAS E OS ORGANISMOS DO EXTERIOR,1338835.56,1192326.29,601000.0,0.0,0.0,RECEITA NAO ESTIMADA
1371,SEMAD,1,CONVENIOS COM A UNIAO E SUAS ENTIDADES - EMENDAS INDIVIDUAIS,0.0,0.0,106000.0,0.0,0.0,ATENCAO
1371,SEMAD,2,CONVENIOS COM A UNIAO E SUAS ENTIDADES - EMENDAS DE BANCADA,0.0,0.0,106000.0,0.0,0.0,ATENCAO
1371,SEMAD,9,"TERMOS DE AJUSTAMENTO, DOACOES CONTROLADAS POR INSTRUMENTO JURIDICO E CONGENERES",5542216.78,4432698.05,631000.0,0.0,0.0,RECEITA NAO ESTIMADA
1371,SEMAD,24,CONVENIOS COM A UNIAO E SUAS ENTIDADES - EXCETO EMENDAS INDIVIDUAIS E DE BANCADA,2170079.66,1419783.33,85401909.0,0.0,0.0,RECEITA NAO ESTIMADA
1371,SEMAD,59,OUTROS RECURSOS VINCULADOS,5798698.62,11932.8,0.0,0.0,0.0,ATENCAO
1371,SEMAD,79,CONTRIBUICAO PATRONAL PARA O FUNPREV,0.0,0.0,0.0,0.0,0.0,OK
1401,CBMMG,1,CONVENIOS COM A UNIAO E SUAS ENTIDADES - EMENDAS INDIVIDUAIS,3664312.83,60936.06,39584.0,0.0,0.0,RECEITA NAO ESTIMADA
1401,CBMMG,2,CONVENIOS COM A UNIAO E SUAS ENTIDADES - EMENDAS DE BANCADA,26310551.37,12249295.02,20816987.0,0.0,0.0,RECEITA NAO ESTIMADA
1401,CBMMG,10,RECURSOS ORDINARIOS - RECURSOS NAO VINCULADOS DE IMPOSTOS,3577172.88,19936928.51,8233000.0,0.0,0.0,RECEITA NAO ESTIMADA
1401,CBMMG,24,CONVENIOS COM A UNIAO E SUAS ENTIDADES - EXCETO EMENDAS INDIVIDUAIS E DE BANCADA,5098942.76,515389.95,28369994.0,0.0,0.0,RECEITA NAO ESTIMADA
1401,CBMMG,45,"DOACOES DE PESSOAS, DE INSTITUICOES PRIVADAS OU DO EXTERIOR A ORGAO E ENTIDADES DO ESTADO",0.1,0.0,0.0,0.0,100.0,VALOR DISCREPANTE
1401,CBMMG,60,RECURSOS DIRETAMENTE ARRECADADOS,1863026.06,3486462.82,5365920.21,0.0,2094122.0,OK
1401,CBMMG,66,ACORDOS E AJUSTES DE COOPERACAO MUTUA COM OS ESTADOS E O DISTRITO FEDERAL,466433.21,732363.92,761995.0,0.0,0.0,RECEITA NAO ESTIMADA
1401,CBMMG,70,CONVENIOS COM OS MUNICIPIOS,2604411.6,3034138.73,3407521.0,0.0,0.0,RECEITA NAO ESTIMADA
1401,CBMMG,74,ACORDOS E AJUSTES DE COOPERACAO MUTUA COM AS INSTITUICOES PRIVADAS E OS ORGANISMOS DO EXTERIOR,5384.52,372.19,422053.0,0.0,0.0,RECEITA NAO ESTIMADA
1401,CBMMG,98,TRANSFERENCIAS ESPECIAIS DE RECURSOS DA UNIAO,0.0,5298337.29,3020000.0,0.0,0.0,ATENCAO
1441,DEF PUB,47,ALIENACAO DE BENS DE ENTIDADES ESTADUAIS,178578.0,9800.0,50000.0,0.0,0.0,RECEITA NAO ESTIMADA
1441,DEF PUB,60,RECURSOS DIRETAMENTE ARRECADADOS,14621302.25,11653940.02,13030769.15,0.0,12754323.0,OK
1451,SEJUSP,1,CONVENIOS COM A UNIAO E SUAS ENTIDADES - EMENDAS INDIVIDUAIS,911258.66,729750.3,2460963.0,0.0,0.0,RECEITA NAO ESTIMADA
1451,SEJUSP,2,CONVENIOS COM A UNIAO E SUAS ENTIDADES - EMENDAS DE BANCADA,0.0,5427957.49,7350371.0,0.0,0.0,ATENCAO
1451,SEJUSP,9,"TERMOS DE AJUSTAMENTO, DOACOES CONTROLADAS POR INSTRUMENTO JURIDICO E CONGENERES",0.0,1596302.24,0.0,0.0,0.0,ATENCAO
1451,SEJUSP,10,RECURSOS ORDINARIOS - RECURSOS NAO VINCULADOS DE IMPOSTOS,176573994.27,187981417.51,186426580.42,0.0,0.0,RECEITA NAO ESTIMADA
1451,SEJUSP,24,CONVENIOS COM A UNIAO E SUAS ENTIDADES - EXCETO EMENDAS INDIVIDUAIS E DE BANCADA,10008745.83,2166939.56,100098935.31,0.0,0.0,RECEITA NAO ESTIMADA
1451,SEJUSP,45,"DOACOES DE PESSOAS, DE INSTITUICOES PRIVADAS OU DO EXTERIOR A ORGAO E ENTIDADES DO ESTADO",2035.62,0.0,0.0,0.0,0.0,OK
1451,SEJUSP,60,RECURSOS DIRETAMENTE ARRECADADOS,5482138.6,7099677.14,6054662.18,0.0,0.0,RECEITA NAO ESTIMADA
1451,SEJUSP,61,RECURSOS DIRETAMENTE ARRECADADOS COM VINCULACAO ESPECIFICA,88849.14,37867.52,92449.65,0.0,0.0,RECEITA NAO ESTIMADA
1451,SEJUSP,98,TRANSFERENCIAS ESPECIAIS DE RECURSOS DA UNIAO,0.0,0.0,0.0,0.0,0.0,OK
1481,SEDESE,1,CONVENIOS COM A UNIAO E SUAS ENTIDADES - EMENDAS INDIVIDUAIS,43022.77,8994.89,102000.0,0.0,0.0,RECEITA NAO ESTIMADA
1481,SEDESE,2,CONVENIOS COM A UNIAO E SUAS ENTIDADES - EMENDAS DE BANCADA,0.0,0.0,598758.0,0.0,0.0,ATENCAO
1481,SEDESE,10,RECURSOS ORDINARIOS - RECURSOS NAO VINCULADOS DE IMPOSTOS,5848566.61,0.0,0.0,0.0,0.0,OK
1481,SEDESE,24,CONVENIOS COM A UNIAO E SUAS ENTIDADES - EXCETO EMENDAS INDIVIDUAIS E DE BANCADA,4334790.88,3733165.13,9021047.0,0.0,0.0,RECEITA NAO ESTIMADA
1481,SEDESE,38,TRANSFERENCIAS DA UNIAO VINCULADAS AO ESPORTE,21758290.75,22126030.49,27475441.08,0.0,0.0,RECEITA NAO ESTIMADA
1481,SEDESE,59,OUTROS RECURSOS VINCULADOS,4644745.02,3047231.25,4483045.69,0.0,0.0,RECEITA NAO ESTIMADA
1481,SEDESE,98,TRANSFERENCIAS ESPECIAIS DE RECURSOS DA UNIAO,0.0,797899.94,0.0,0.0,0.0,ATENCAO
1501,SEPLAG,74,ACORDOS E AJUSTES DE COOPERACAO MUTUA COM AS INSTITUICOES PRIVADAS E OS ORGANISMOS DO EXTERIOR,0.0,97148.34,3012300.0,0.0,0.0,ATENCAO
1511,PCMG,1,CONVENIOS COM A UNIAO E SUAS ENTIDADES - EMENDAS INDIVIDUAIS,4168298.65,920873.19,2109756.9,0.0,0.0,RECEITA NAO ESTIMADA
1511,PCMG,2,CONVENIOS COM A UNIAO E SUAS ENTIDADES - EMENDAS DE BANCADA,32717692.9,16617424.88,23101030.03,0.0,0.0,RECEITA NAO ESTIMADA
1511,PCMG,9,"TERMOS DE AJUSTAMENTO, DOACOES CONTROLADAS POR INSTRUMENTO JURIDICO E CONGENERES",331388.59,5859735.57,3179352.09,0.0,0.0,RECEITA NAO ESTIMADA
1511,PCMG,24,CONVENIOS COM A UNIAO E SUAS ENTIDADES - EXCETO EMENDAS INDIVIDUAIS E DE BANCADA,2806939.44,278491.27,6173182.42,0.0,0.0,RECEITA NAO ESTIMADA
1511,PCMG,45,"DOACOES DE PESSOAS, DE INSTITUICOES PRIVADAS OU DO EXTERIOR A ORGAO E ENTIDADES DO ESTADO",5429.85,1600.46,0.0,0.0,0.0,ATENCAO
1511,PCMG,60,RECURSOS DIRETAMENTE ARRECADADOS,93552570.91,7977260.01,0.0,0.0,0.0,ATENCAO
1511,PCMG,70,CONVENIOS COM OS MUNICIPIOS,2029948.41,502694.82,295800.0,0.0,0.0,RECEITA NAO ESTIMADA
1511,PCMG,74,ACORDOS E AJUSTES DE COOPERACAO MUTUA COM AS INSTITUICOES PRIVADAS E OS ORGANISMOS DO EXTERIOR,97397.56,6113.98,0.0,0.0,0.0,ATENCAO
1511,PCMG,98,TRANSFERENCIAS ESPECIAIS DE RECURSOS DA UNIAO,0.0,2455437.92,2909000.0,0.0,0.0,ATENCAO
1521,CGE,9,"TERMOS DE AJUSTAMENTO, DOACOES CONTROLADAS POR INSTRUMENTO JURIDICO E CONGENERES",1000000.0,102737.27,0.0,0.0,0.0,ATENCAO
1521,CGE,59,OUTROS RECURSOS VINCULADOS,0.0,0.0,27500.0,0.0,0.0,ATENCAO
1541,ESP MG,10,RECURSOS ORDINARIOS - RECURSOS NAO VINCULADOS DE IMPOSTOS,19938984.92,21259473.36,25007267.35,0.0,0.0,RECEITA NAO ESTIMADA
1541,ESP MG,60,RECURSOS DIRETAMENTE ARRECADADOS,1284.75,0.0,0.0,0.0,0.0,OK
1911,EGE - SEF,11,RECURSOS DE DESVINCULACAO DE RECEITAS,0.0,0.0,0.0,0.0,0.0,OK
1911,EGE - SEF,15,RECURSOS ORDINARIOS - OUTROS RECURSOS NAO VINCULADOS,0.0,0.0,0.0,0.0,0.0,OK
1911,EGE - SEF,20,RECURSOS CONSTITUC.VINCULADOS AOS MUNICIPIOS,0.0,0.0,0.0,0.0,0.0,OK
1911,EGE - SEF,23,FUNDO DE MANUTENCAO E DESENVOLVIMENTO DA EDUCACAO BASICA - FUNDEB,0.0,0.0,0.0,0.0,0.0,OK
1911,EGE - SEF,25,OPERACOES DE CREDITO CONTRATUAIS,0.0,0.0,0.0,0.0,0.0,OK
1911,EGE - SEF,27,TAXA DE SEGURANCA PUBLICA,0.0,0.0,0.0,0.0,0.0,OK
1911,EGE - SEF,53,TAXA DE INCENDIO,0.0,0.0,0.0,0.0,0.0,OK
1911,EGE - SEF,71,RECURSOS DO FUNDO ESTADUAL DE ERRADICACAO DA MISERIA,0.0,0.0,0.0,0.0,0.0,OK
1911,EGE - SEF,72,TAXA DE FISCALIZACAO DE RECURSOS MINERARIOS,0.0,0.0,0.0,0.0,0.0,OK
1911,EGE - SEF,82,NOTIFICACAO DE INFRACAO DE TRANSITO ESTADO,0.0,0.0,0.0,0.0,0.0,OK
2011,IPSEMG,47,ALIENACAO DE BENS DE ENTIDADES ESTADUAIS,99301.0,2206036.74,73333.33,80000.0,0.0,RECEITA NAO ESTIMADA
2011,IPSEMG,49,CONTRIBUICAO PATRONAL DO ESTADO AOS INSTITUTOS DE PREVIDENCIA,430167425.42,448187830.31,449112446.4,449058573.0,0.0,RECEITA NAO ESTIMADA
2011,IPSEMG,50,CONTRIBUICAO DO SERVIDOR DO ESTADO AOS INSTITUTOS DE PREVIDENCIA,806296532.99,842100242.56,905506764.69,905506848.0,0.0,RECEITA NAO ESTIMADA
2011,IPSEMG,60,RECURSOS DIRETAMENTE ARRECADADOS,181451447.0,164561008.63,133911250.77,135225309.0,0.0,RECEITA NAO ESTIMADA
2041,LEMG,60,RECURSOS DIRETAMENTE ARRECADADOS,22080366.67,17020918.48,17739456.21,17601000.0,0.0,RECEITA NAO ESTIMADA
2061,FJP,24,CONVENIOS COM A UNIAO E SUAS ENTIDADES - EXCETO EMENDAS INDIVIDUAIS E DE BANCADA,14801.59,373545.5,678238.0,678238.0,0.0,RECEITA NAO ESTIMADA
2061,FJP,45,"DOACOES DE PESSOAS, DE INSTITUICOES PRIVADAS OU DO EXTERIOR A ORGAO E ENTIDADES DO ESTADO",0.0,0.0,0.0,0.0,0.0,OK
2061,FJP,47,ALIENACAO DE BENS DE ENTIDADES ESTADUAIS,53896.0,0.0,9166.67,10000.0,0.0,ATENCAO
2061,FJP,60,RECURSOS DIRETAMENTE ARRECADADOS,6381853.53,6358584.71,2956122.54,2807600.0,0.0,RECEITA NAO ESTIMADA
2071,FAPEMIG,10,RECURSOS ORDINARIOS - RECURSOS NAO VINCULADOS DE IMPOSTOS,0.0,0.0,0.0,0.0,0.0,OK
2071,FAPEMIG,24,CONVENIOS COM A UNIAO E SUAS ENTIDADES - EXCETO EMENDAS INDIVIDUAIS E DE BANCADA,1795214.96,469528.83,8725015.0,8725015.0,0.0,RECEITA NAO ESTIMADA
2071,FAPEMIG,47,ALIENACAO DE BENS DE ENTIDADES ESTADUAIS,225000.0,123314.58,10083.34,11000.0,0.0,RECEITA NAO ESTIMADA
2071,FAPEMIG,60,RECURSOS DIRETAMENTE ARRECADADOS,12202109.67,85860729.46,11709126.19,10003000.0,0.0,RECEITA NAO ESTIMADA
2071,FAPEMIG,68,CONVENIOS COM AS INSTITUICOES PRIVADAS E OS ORGANISMOS DO EXTERIOR,889207.39,790982.93,499070.0,499070.0,0.0,RECEITA NAO ESTIMADA
2071,FAPEMIG,69,CONVENIOS COM OS ESTADOS E O DISTRITO FEDERAL,2082091.59,1894400.64,215000.0,215000.0,0.0,RECEITA NAO ESTIMADA
2091,FEAM,9,"TERMOS DE AJUSTAMENTO, DOACOES CONTROLADAS POR INSTRUMENTO JURIDICO E CONGENERES",3370244.87,269896.62,2971000.0,2971000.0,0.0,RECEITA NAO ESTIMADA
2091,FEAM,24,CONVENIOS COM A UNIAO E SUAS ENTIDADES - EXCETO EMENDAS INDIVIDUAIS E DE BANCADA,141427.06,98554.59,0.0,0.0,0.0,ATENCAO
2091,FEAM,45,"DOACOES DE PESSOAS, DE INSTITUICOES PRIVADAS OU DO EXTERIOR A ORGAO E ENTIDADES DO ESTADO",319317.77,258489.69,232029.8,224000.0,0.0,RECEITA NAO ESTIMADA
2091,FEAM,47,ALIENACAO DE BENS DE ENTIDADES ESTADUAIS,0.0,227724.61,0.0,0.0,0.0,ATENCAO
2091,FEAM,52,TAXA DE CONTROLE E FISCALIZACAO AMBIENTAL,44162707.1,49515439.92,41117223.84,43206000.0,0.0,RECEITA NAO ESTIMADA
2091,FEAM,59,OUTROS RECURSOS VINCULADOS,0.0,36041246.65,3474700.05,3339843.0,0.0,ATENCAO
2091,FEAM,60,RECURSOS DIRETAMENTE ARRECADADOS,15841807.69,26440685.74,15907698.45,16592000.0,0.0,RECEITA NAO ESTIMADA
2091,FEAM,79,CONTRIBUICAO PATRONAL PARA O FUNPREV,0.0,0.0,0.0,0.0,0.0,OK
2091,FEAM,91,TAXA DE EXPEDIENTE - ADMINISTRACAO INDIRETA,338631.7,21606818.28,20273177.09,20197884.0,0.0,RECEITA NAO ESTIMADA
2101,IEF,9,"TERMOS DE AJUSTAMENTO, DOACOES CONTROLADAS POR INSTRUMENTO JURIDICO E CONGENERES",0.0,1062082.88,832694.0,832694.0,0.0,ATENCAO
2101,IEF,24,CONVENIOS COM A UNIAO E SUAS ENTIDADES - EXCETO EMENDAS INDIVIDUAIS E DE BANCADA,0.0,0.0,1069222.0,1069222.0,0.0,ATENCAO
2101,IEF,26,TAXA FLORESTAL - ADMINISTRACAO INDIRETA,97986573.61,105097531.32,128356464.01,100222000.0,0.0,RECEITA NAO ESTIMADA
2101,IEF,47,ALIENACAO DE BENS DE ENTIDADES ESTADUAIS,880898.91,114634.0,779166.67,850000.0,0.0,RECEITA NAO ESTIMADA
2101,IEF,52,TAXA DE CONTROLE E FISCALIZACAO AMBIENTAL,4397938.61,5143885.48,2134796.5,2278560.0,0.0,RECEITA NAO ESTIMADA
2101,IEF,60,RECURSOS DIRETAMENTE ARRECADADOS,16504436.5,23926339.28,17585163.47,18102000.0,0.0,RECEITA NAO ESTIMADA
2101,IEF,61,RECURSOS DIRETAMENTE ARRECADADOS COM VINCULACAO ESPECIFICA,43662516.17,76626814.14,47679536.13,47302000.0,0.0,RECEITA NAO ESTIMADA
2101,IEF,68,CONVENIOS COM AS INSTITUICOES PRIVADAS E OS ORGANISMOS DO EXTERIOR,0.0,69057.93,3500.0,3500.0,0.0,ATENCAO
2101,IEF,69,CONVENIOS COM OS ESTADOS E O DISTRITO FEDERAL,0.0,0.0,74000.0,74000.0,0.0,ATENCAO
2101,IEF,70,CONVENIOS COM OS MUNICIPIOS,86067.74,0.0,0.0,0.0,0.0,OK
2101,IEF,74,ACORDOS E AJUSTES DE COOPERACAO MUTUA COM AS INSTITUICOES PRIVADAS E OS ORGANISMOS DO EXTERIOR,7377.48,0.0,7500.0,7500.0,0.0,ATENCAO
2101,IEF,79,CONTRIBUICAO PATRONAL PARA O FUNPREV,0.0,0.0,0.0,0.0,0.0,OK
2101,IEF,91,TAXA DE EXPEDIENTE - ADMINISTRACAO INDIRETA,21123540.5,23449897.56,19963601.64,20421000.0,0.0,RECEITA NAO ESTIMADA
2121,IPSM,47,ALIENACAO DE BENS DE ENTIDADES ESTADUAIS,52867.5,758666.0,7333.33,8000.0,0.0,RECEITA NAO ESTIMADA
2121,IPSM,49,CONTRIBUICAO PATRONAL DO ESTADO AOS INSTITUTOS DE PREVIDENCIA,138159178.85,342767105.3,2195913388.5,2197085710.0,0.0,RECEITA NAO ESTIMADA
2121,IPSM,50,CONTRIBUICAO DO SERVIDOR DO ESTADO AOS INSTITUTOS DE PREVIDENCIA,3738231.14,171377538.43,1094301641.67,1094555525.0,0.0,RECEITA NAO ESTIMADA
2121,IPSM,60,RECURSOS DIRETAMENTE ARRECADADOS,516710098.71,191547462.86,209518971.11,207833980.0,0.0,RECEITA NAO ESTIMADA
2151,FHA,10,RECURSOS ORDINARIOS - RECURSOS NAO VINCULADOS DE IMPOSTOS,0.0,0.0,0.0,0.0,0.0,OK
2151,FHA,47,ALIENACAO DE BENS DE ENTIDADES ESTADUAIS,107383.83,0.0,0.0,0.0,0.0,OK
2151,FHA,60,RECURSOS DIRETAMENTE ARRECADADOS,298763.32,245089.73,232556.5,243000.0,0.0,RECEITA NAO ESTIMADA
2161,FUCAM,1,CONVENIOS COM A UNIAO E SUAS ENTIDADES - EMENDAS INDIVIDUAIS,300000.0,61157.38,0.0,0.0,0.0,ATENCAO
2161,FUCAM,24,CONVENIOS COM A UNIAO E SUAS ENTIDADES - EXCETO EMENDAS INDIVIDUAIS E DE BANCADA,0.0,0.0,0.0,0.0,0.0,OK
2161,FUCAM,47,ALIENACAO DE BENS DE ENTIDADES ESTADUAIS,11610.0,0.0,1833.33,2000.0,0.0,ATENCAO
2161,FUCAM,60,RECURSOS DIRETAMENTE ARRECADADOS,0.0,0.0,0.0,0.0,0.0,OK
2171,FAOP,24,CONVENIOS COM A UNIAO E SUAS ENTIDADES - EXCETO EMENDAS INDIVIDUAIS E DE BANCADA,0.0,0.0,3387905.0,3387905.0,0.0,ATENCAO
2171,FAOP,45,"DOACOES DE PESSOAS, DE INSTITUICOES PRIVADAS OU DO EXTERIOR A ORGAO E ENTIDADES DO ESTADO",24391.49,1233.12,0.0,0.0,0.0,ATENCAO
2171,FAOP,60,RECURSOS DIRETAMENTE ARRECADADOS,543468.71,452831.53,733333.33,800000.0,0.0,RECEITA NAO ESTIMADA
2171,FAOP,68,CONVENIOS COM AS INSTITUICOES PRIVADAS E OS ORGANISMOS DO EXTERIOR,0.0,0.0,1552000.0,1552000.0,0.0,ATENCAO
2181,FCS,10,RECURSOS ORDINARIOS - RECURSOS NAO VINCULADOS DE IMPOSTOS,870.9,0.0,0.0,0.0,0.0,OK
2181,FCS,45,"DOACOES DE PESSOAS, DE INSTITUICOES PRIVADAS OU DO EXTERIOR A ORGAO E ENTIDADES DO ESTADO",0.0,0.0,0.0,0.0,0.0,OK
2181,FCS,47,ALIENACAO DE BENS DE ENTIDADES ESTADUAIS,1700.0,2000.0,1833.33,2000.0,0.0,RECEITA NAO ESTIMADA
2181,FCS,60,RECURSOS DIRETAMENTE ARRECADADOS,4451160.86,4212287.73,3254902.56,3150000.0,0.0,RECEITA NAO ESTIMADA
2201,IEPHA,1,CONVENIOS COM A UNIAO E SUAS ENTIDADES - EMENDAS INDIVIDUAIS,0.0,493895.39,811131.0,811131.0,0.0,ATENCAO
2201,IEPHA,9,"TERMOS DE AJUSTAMENTO, DOACOES CONTROLADAS POR INSTRUMENTO JURIDICO E CONGENERES",544904.91,1115474.34,1160536.0,1160536.0,0.0,RECEITA NAO ESTIMADA
2201,IEPHA,24,CONVENIOS COM A UNIAO E SUAS ENTIDADES - EXCETO EMENDAS INDIVIDUAIS E DE BANCADA,0.0,0.0,3054813.0,3054813.0,0.0,ATENCAO
2201,IEPHA,45,"DOACOES DE PESSOAS, DE INSTITUICOES PRIVADAS OU DO EXTERIOR A ORGAO E ENTIDADES DO ESTADO",982442.85,703074.49,1028202.14,1057792.0,423706.0,VALOR DISCREPANTE
2201,IEPHA,60,RECURSOS DIRETAMENTE ARRECADADOS,544972.77,67460.35,10730.8,10680.0,4735.0,VALOR DISCREPANTE
2211,TV MINAS,60,RECURSOS DIRETAMENTE ARRECADADOS,3582540.01,4549689.95,3521776.31,3830000.0,0.0,RECEITA NAO ESTIMADA
2211,TV MINAS,70,CONVENIOS COM OS MUNICIPIOS,0.0,4321.02,0.0,0.0,0.0,ATENCAO
2241,IGAM,24,CONVENIOS COM A UNIAO E SUAS ENTIDADES - EXCETO EMENDAS INDIVIDUAIS E DE BANCADA,365226.8,1027255.12,4629453.0,4629453.0,0.0,RECEITA NAO ESTIMADA
2241,IGAM,47,ALIENACAO DE BENS DE ENTIDADES ESTADUAIS,40076.0,0.0,1833.33,2000.0,0.0,ATENCAO
2241,IGAM,60,RECURSOS DIRETAMENTE ARRECADADOS,1770607.16,1721271.91,2004451.41,2128000.0,0.0,RECEITA NAO ESTIMADA
2241,IGAM,61,RECURSOS DIRETAMENTE ARRECADADOS COM VINCULACAO ESPECIFICA,70989562.49,123166270.68,123572685.5,123569205.0,0.0,RECEITA NAO ESTIMADA
2241,IGAM,73,"ACORDOS, AJUSTES E DEMAIS INSTRUMENTOS DE COOPERACAO MUTUA COM A UNIAO E SUAS ENTIDADES",1796755.01,1738705.0,4747400.0,4747400.0,0.0,RECEITA NAO ESTIMADA
2241,IGAM,79,CONTRIBUICAO PATRONAL PARA O FUNPREV,0.0,0.0,0.0,0.0,0.0,OK
2241,IGAM,91,TAXA DE EXPEDIENTE - ADMINISTRACAO INDIRETA,13782474.63,12877728.4,11072940.42,11994500.0,0.0,RECEITA NAO ESTIMADA
2251,JUCEMG,47,ALIENACAO DE BENS DE ENTIDADES ESTADUAIS,7720000.0,3134.92,0.0,0.0,0.0,ATENCAO
2251,JUCEMG,60,RECURSOS DIRETAMENTE ARRECADADOS,82658535.62,91962417.03,86112571.75,86379763.0,0.0,RECEITA NAO ESTIMADA
2261,FUNED,10,RECURSOS ORDINARIOS - RECURSOS NAO VINCULADOS DE IMPOSTOS,361798856.77,610177120.73,608119637.46,610830540.0,0.0,RECEITA NAO ESTIMADA
2261,FUNED,24,CONVENIOS COM A UNIAO E SUAS ENTIDADES - EXCETO EMENDAS INDIVIDUAIS E DE BANCADA,3356893.57,155039.1,4031000.0,4031000.0,0.0,RECEITA NAO ESTIMADA
2261,FUNED,47,ALIENACAO DE BENS DE ENTIDADES ESTADUAIS,40900.0,77876.0,32541.67,35500.0,0.0,RECEITA NAO ESTIMADA
2261,FUNED,60,RECURSOS DIRETAMENTE ARRECADADOS,191592908.15,373590261.94,572043887.0,572166857.0,0.0,RECEITA NAO ESTIMADA
2271,FHEMIG,1,CONVENIOS COM A UNIAO E SUAS ENTIDADES - EMENDAS INDIVIDUAIS,212.64,0.0,279927.0,279927.0,0.0,ATENCAO
2271,FHEMIG,9,"TERMOS DE AJUSTAMENTO, DOACOES CONTROLADAS POR INSTRUMENTO JURIDICO E CONGENERES",0.0,0.0,52500.0,52500.0,0.0,ATENCAO
2271,FHEMIG,10,RECURSOS ORDINARIOS - RECURSOS NAO VINCULADOS DE IMPOSTOS,2049083050.37,2136311709.8,2161973722.18,2147817226.0,0.0,RECEITA NAO ESTIMADA
2271,FHEMIG,24,CONVENIOS COM A UNIAO E SUAS ENTIDADES - EXCETO EMENDAS INDIVIDUAIS E DE BANCADA,116.6,0.0,153000000.0,153000000.0,0.0,ATENCAO
2271,FHEMIG,45,"DOACOES DE PESSOAS, DE INSTITUICOES PRIVADAS OU DO EXTERIOR A ORGAO E ENTIDADES DO ESTADO",7584.78,6898.59,5350.98,5542.0,0.0,RECEITA NAO ESTIMADA
2271,FHEMIG,47,ALIENACAO DE BENS DE ENTIDADES ESTADUAIS,258593.99,54527.0,171259.92,186829.0,0.0,RECEITA NAO ESTIMADA
2271,FHEMIG,60,RECURSOS DIRETAMENTE ARRECADADOS,111788208.33,87478659.17,354434346.07,354487802.0,0.0,RECEITA NAO ESTIMADA
2271,FHEMIG,68,CONVENIOS COM AS INSTITUICOES PRIVADAS E OS ORGANISMOS DO EXTERIOR,6394085.73,10076198.87,7589669.0,7589669.0,0.0,RECEITA NAO ESTIMADA
2271,FHEMIG,70,CONVENIOS COM OS MUNICIPIOS,62807536.49,61238453.91,56979825.0,56979825.0,0.0,RECEITA NAO ESTIMADA
2281,UTRAMIG,36,TRANSFERENCIAS DO FNDE VINCULADAS A EDUCACAO - EXCETO EMENDAS INDIVIDUAIS E DE BANCADA,805311.54,944051.76,325191.0,325191.0,0.0,RECEITA NAO ESTIMADA
2281,UTRAMIG,47,ALIENACAO DE BENS DE ENTIDADES ESTADUAIS,0.0,0.0,916.67,1000.0,0.0,ATENCAO
2281,UTRAMIG,60,RECURSOS DIRETAMENTE ARRECADADOS,0.0,0.0,916.66,1000.0,0.0,ATENCAO
2301,DER-MG,24,CONVENIOS COM A UNIAO E SUAS ENTIDADES - EXCETO EMENDAS INDIVIDUAIS E DE BANCADA,0.0,0.0,0.0,0.0,0.0,OK
2301,DER-MG,47,ALIENACAO DE BENS DE ENTIDADES ESTADUAIS,1016158.0,170122.0,1022359.25,1115301.0,0.0,RECEITA NAO ESTIMADA
2301,DER-MG,51,CONTRIBUICAO DE INTERVENCAO NO DOMINIO ECONOMICO/COMBUSTIVEIS-CIDE,1918107.98,7711906.08,986966.75,1076691.0,0.0,RECEITA NAO ESTIMADA
2301,DER-MG,60,RECURSOS DIRETAMENTE ARRECADADOS,2454702.28,3874281.33,2588400.64,2197729.0,0.0,RECEITA NAO ESTIMADA
2301,DER-MG,68,CONVENIOS COM AS INSTITUICOES PRIVADAS E OS ORGANISMOS DO EXTERIOR,19827595.14,21321655.75,8002000.0,8002000.0,0.0,RECEITA NAO ESTIMADA
2301,DER-MG,69,CONVENIOS COM OS ESTADOS E O DISTRITO FEDERAL,3100004.29,1152569.74,917390.2,0.0,0.0,RECEITA NAO ESTIMADA
2301,DER-MG,70,CONVENIOS COM OS MUNICIPIOS,41144593.83,886969.56,4002000.0,4002000.0,0.0,RECEITA NAO ESTIMADA
2301,DER-MG,74,ACORDOS E AJUSTES DE COOPERACAO MUTUA COM AS INSTITUICOES PRIVADAS E OS ORGANISMOS DO EXTERIOR,20309923.28,16008327.36,0.0,0.0,0.0,ATENCAO
2301,DER-MG,91,TAXA DE EXPEDIENTE - ADMINISTRACAO INDIRETA,4829342.41,5226517.66,4485760.7,4376003.0,0.0,RECEITA NAO ESTIMADA
2311,UNIMONTES,1,CONVENIOS COM A UNIAO E SUAS ENTIDADES - EMENDAS INDIVIDUAIS,66.3,0.0,1497718.0,1497718.0,0.0,ATENCAO
2311,UNIMONTES,10,RECURSOS ORDINARIOS - RECURSOS NAO VINCULADOS DE IMPOSTOS,0.0,0.0,0.0,0.0,0.0,OK
2311,UNIMONTES,24,CONVENIOS COM A UNIAO E SUAS ENTIDADES - EXCETO EMENDAS INDIVIDUAIS E DE BANCADA,654110.22,723266.38,3174700.0,3174700.0,0.0,RECEITA NAO ESTIMADA
2311,UNIMONTES,36,TRANSFERENCIAS DO FNDE VINCULADAS A EDUCACAO - EXCETO EMENDAS INDIVIDUAIS E DE BANCADA,1048429.63,590673.81,37938411.0,37938411.0,0.0,RECEITA NAO ESTIMADA
2311,UNIMONTES,60,RECURSOS DIRETAMENTE ARRECADADOS,16725137.26,12961682.95,12625317.73,12493615.0,113148.0,VALOR DISCREPANTE
2311,UNIMONTES,70,CONVENIOS COM OS MUNICIPIOS,10106961.97,18432231.41,41346930.0,41346930.0,0.0,RECEITA NAO ESTIMADA
2321,HEMOMINAS,1,CONVENIOS COM A UNIAO E SUAS ENTIDADES - EMENDAS INDIVIDUAIS,0.0,0.0,338371.0,338371.0,0.0,ATENCAO
2321,HEMOMINAS,10,RECURSOS ORDINARIOS - RECURSOS NAO VINCULADOS DE IMPOSTOS,340849508.3,385996888.5,388121393.28,392902891.0,0.0,RECEITA NAO ESTIMADA
2321,HEMOMINAS,24,CONVENIOS COM A UNIAO E SUAS ENTIDADES - EXCETO EMENDAS INDIVIDUAIS E DE BANCADA,624563.75,537031.8,8573789.0,8573789.0,0.0,RECEITA NAO ESTIMADA
2321,HEMOMINAS,47,ALIENACAO DE BENS DE ENTIDADES ESTADUAIS,116076.0,0.0,105416.67,115000.0,0.0,ATENCAO
2321,HEMOMINAS,60,RECURSOS DIRETAMENTE ARRECADADOS,76420064.23,79047657.82,77780259.44,77988440.0,0.0,RECEITA NAO ESTIMADA
2321,HEMOMINAS,70,CONVENIOS COM OS MUNICIPIOS,0.0,356258.0,208266.0,208266.0,0.0,ATENCAO
2331,IPEMMG,73,"ACORDOS, AJUSTES E DEMAIS INSTRUMENTOS DE COOPERACAO MUTUA COM A UNIAO E SUAS ENTIDADES",34390173.89,37894044.02,38000000.0,38000000.0,0.0,RECEITA NAO ESTIMADA
2351,UEMG,1,CONVENIOS COM A UNIAO E SUAS ENTIDADES - EMENDAS INDIVIDUAIS,217084.88,66.02,1633154.0,1633154.0,0.0,RECEITA NAO ESTIMADA
2351,UEMG,3,TRANSFERENCIAS DO FNDE VINCULADAS A EDUCACAO - EMENDAS INDIVIDUAIS,0.0,0.0,2140000.0,2140000.0,0.0,ATENCAO
2351,UEMG,10,RECURSOS ORDINARIOS - RECURSOS NAO VINCULADOS DE IMPOSTOS,1108.03,0.0,0.0,0.0,0.0,OK
2351,UEMG,24,CONVENIOS COM A UNIAO E SUAS ENTIDADES - EXCETO EMENDAS INDIVIDUAIS E DE BANCADA,571739.57,819556.64,13048307.0,13048307.0,0.0,RECEITA NAO ESTIMADA
2351,UEMG,60,RECURSOS DIRETAMENTE ARRECADADOS,1743230.6,1299864.86,1730422.53,1862000.0,0.0,RECEITA NAO ESTIMADA
2361,IPLEMG,60,RECURSOS DIRETAMENTE ARRECADADOS,110496929.95,105700834.3,109514500.0,109514500.0,0.0,RECEITA NAO ESTIMADA
2371,IMA,1,CONVENIOS COM A UNIAO E SUAS ENTIDADES - EMENDAS INDIVIDUAIS,0.0,0.0,951200.0,951200.0,0.0,ATENCAO
2371,IMA,10,RECURSOS ORDINARIOS - RECURSOS NAO VINCULADOS DE IMPOSTOS,294.84,0.0,0.0,0.0,0.0,OK
2371,IMA,24,CONVENIOS COM A UNIAO E SUAS ENTIDADES - EXCETO EMENDAS INDIVIDUAIS E DE BANCADA,472782.68,1088545.86,1057904.0,1057904.0,0.0,RECEITA NAO ESTIMADA
2371,IMA,47,ALIENACAO DE BENS DE ENTIDADES ESTADUAIS,1606187.0,0.0,275000.0,300000.0,300000.0,OK
2371,IMA,60,RECURSOS DIRETAMENTE ARRECADADOS,19870534.85,18564570.49,20325211.98,20618556.0,19613469.0,OK
2371,IMA,91,TAXA DE EXPEDIENTE - ADMINISTRACAO INDIRETA,50018115.71,59751862.93,52629787.39,51898802.0,63127843.0,OK
2371,IMA,95,RECURSOS RECEBIDOS POR DANOS ADVINDOS DE DESASTRES SOCIOAMBIENTAIS,0.0,0.0,0.0,0.0,0.0,OK
2421,IDENE,1,CONVENIOS COM A UNIAO E SUAS ENTIDADES - EMENDAS INDIVIDUAIS,0.0,0.0,2000.0,2000.0,0.0,ATENCAO
2421,IDENE,9,"TERMOS DE AJUSTAMENTO, DOACOES CONTROLADAS POR INSTRUMENTO JURIDICO E CONGENERES",0.0,0.0,13356000.0,13356000.0,0.0,ATENCAO
2421,IDENE,24,CONVENIOS COM A UNIAO E SUAS ENTIDADES - EXCETO EMENDAS INDIVIDUAIS E DE BANCADA,55103522.99,15131576.29,45060440.0,45060440.0,0.0,RECEITA NAO ESTIMADA
2421,IDENE,36,TRANSFERENCIAS DO FNDE VINCULADAS A EDUCACAO - EXCETO EMENDAS INDIVIDUAIS E DE BANCADA,0.0,0.0,0.0,0.0,0.0,OK
2431,AGENCIA RMBH,60,RECURSOS DIRETAMENTE ARRECADADOS,1089685.99,1416944.03,1079714.92,1100000.0,0.0,RECEITA NAO ESTIMADA
2441,ARSAE -MG,59,OUTROS RECURSOS VINCULADOS,40567195.18,43140215.23,44091705.02,44173673.0,0.0,RECEITA NAO ESTIMADA
2461,ARMVA,24,CONVENIOS COM A UNIAO E SUAS ENTIDADES - EXCETO EMENDAS INDIVIDUAIS E DE BANCADA,0.0,0.0,3433022.0,3433022.0,0.0,ATENCAO
2461,ARMVA,60,RECURSOS DIRETAMENTE ARRECADADOS,69401.55,43657.25,56713.4,60000.0,0.0,RECEITA NAO ESTIMADA
3041,EMATER,1,CONVENIOS COM A UNIAO E SUAS ENTIDADES - EMENDAS INDIVIDUAIS,0.0,2403424.93,1126387.0,1126387.0,0.0,ATENCAO
3041,EMATER,2,CONVENIOS COM A UNIAO E SUAS ENTIDADES - EMENDAS DE BANCADA,0.0,8541799.5,8702558.0,8702558.0,0.0,ATENCAO
3041,EMATER,24,CONVENIOS COM A UNIAO E SUAS ENTIDADES - EXCETO EMENDAS INDIVIDUAIS E DE BANCADA,0.0,12605394.42,0.0,0.0,0.0,ATENCAO
3041,EMATER,60,RECURSOS DIRETAMENTE ARRECADADOS,30580404.31,60526558.87,50000000.0,50000000.0,0.0,RECEITA NAO ESTIMADA
3041,EMATER,67,ACORDOS E AJUSTES DE COOPERACAO MUTUA COM OS MUNICIPIOS,96867957.62,102967211.61,100110000.0,100110000.0,0.0,RECEITA NAO ESTIMADA
3051,EPAMIG,1,CONVENIOS COM A UNIAO E SUAS ENTIDADES - EMENDAS INDIVIDUAIS,0.0,0.0,479500.0,479500.0,0.0,ATENCAO
3051,EPAMIG,24,CONVENIOS COM A UNIAO E SUAS ENTIDADES - EXCETO EMENDAS INDIVIDUAIS E DE BANCADA,0.0,0.0,5685197.0,5685197.0,0.0,ATENCAO
3051,EPAMIG,47,ALIENACAO DE BENS DE ENTIDADES ESTADUAIS,402154.81,0.0,2044350.0,2230200.0,0.0,ATENCAO
3051,EPAMIG,60,RECURSOS DIRETAMENTE ARRECADADOS,14027709.0,15126991.54,14899927.84,15526992.0,0.0,RECEITA NAO ESTIMADA
3051,EPAMIG,70,CONVENIOS COM OS MUNICIPIOS,106200.0,108000.0,252000.0,252000.0,0.0,RECEITA NAO ESTIMADA
3151,EMC,60,RECURSOS DIRETAMENTE ARRECADADOS,1409551.59,1936035.59,1129348.13,1200000.0,0.0,RECEITA NAO ESTIMADA
4031,FEPJ,24,CONVENIOS COM A UNIAO E SUAS ENTIDADES - EXCETO EMENDAS INDIVIDUAIS E DE BANCADA,39522.63,25005.99,0.0,0.0,0.0,ATENCAO
4031,FEPJ,47,ALIENACAO DE BENS DE ENTIDADES ESTADUAIS,462141.0,0.0,351360.0,351360.0,0.0,ATENCAO
4031,FEPJ,60,RECURSOS DIRETAMENTE ARRECADADOS,1332505262.74,1407614465.33,1415921294.0,1415921294.0,0.0,RECEITA NAO ESTIMADA
4031,FEPJ,61,RECURSOS DIRETAMENTE ARRECADADOS COM VINCULACAO ESPECIFICA,59787386.57,71088611.8,67798609.0,67798609.0,0.0,RECEITA NAO ESTIMADA
4031,FEPJ,70,CONVENIOS COM OS MUNICIPIOS,393050.02,604955.01,964009.0,964009.0,0.0,RECEITA NAO ESTIMADA
4031,FEPJ,77,TAXA DE FISCALIZACAO JUDICIARIA E TAXAS E MULTAS JUDICIAIS,1798303963.54,2015079324.12,2043359206.0,2043359206.0,0.0,RECEITA NAO ESTIMADA
4091,FIA,45,"DOACOES DE PESSOAS, DE INSTITUICOES PRIVADAS OU DO EXTERIOR A ORGAO E ENTIDADES DO ESTADO",2134299.86,377557.57,4252500.41,4639000.0,0.0,RECEITA NAO ESTIMADA
4091,FIA,60,RECURSOS DIRETAMENTE ARRECADADOS,57392.34,87389.55,0.0,0.0,0.0,ATENCAO
4101,FEH,60,RECURSOS DIRETAMENTE ARRECADADOS,39333479.45,39593906.51,41266725.23,41730000.0,0.0,RECEITA NAO ESTIMADA
4111,FUNDESE,60,RECURSOS DIRETAMENTE ARRECADADOS,787603.41,540209.08,1008727.45,1100000.0,1100000.0,OK
4111,FUNDESE,61,RECURSOS DIRETAMENTE ARRECADADOS COM VINCULACAO ESPECIFICA,68487.25,46974.74,100867.62,110000.0,200000.0,VALOR DISCREPANTE
4121,FUNDALEMG,60,RECURSOS DIRETAMENTE ARRECADADOS,25633589.28,24621306.04,18000000.0,18000000.0,18000000.0,OK
4141,FPE,39,MULTAS PECUNIARIAS E JUROS DE MORA FIXADOS EM SENTENCAS JUDICIAIS,4933094.88,4851653.11,5426666.67,5920000.0,0.0,RECEITA NAO ESTIMADA
4141,FPE,57,TRANSFERENCIAS DA UNIAO POR MEIO DE PORTARIA - EXCETO EMENDAS INDIVIDUAIS E DE BANCADA,11095441.94,9563847.25,9719531.0,9719531.0,0.0,RECEITA NAO ESTIMADA
4171,FUNDERUR,60,RECURSOS DIRETAMENTE ARRECADADOS,34894.36,0.0,0.0,0.0,0.0,OK
4251,FEAS,5,TRANSFERENCIAS DA UNIAO VINCULADAS A ASSISTENCIA SOCIAL - EMENDAS INDIVIDUAIS,0.0,0.0,100000.0,100000.0,0.0,ATENCAO
4251,FEAS,6,TRANSFERENCIAS DA UNIAO VINCULADAS A ASSISTENCIA SOCIAL - EMENDAS DE BANCADA,0.0,0.0,2000.0,2000.0,0.0,ATENCAO
4251,FEAS,56,TRANSFERENCIAS DA UNIAO VINCULADAS A ASSISTENCIA SOCIAL - EXCETO EMENDAS INDIVIDUAIS E DE BANCADA,4101670.99,3883783.23,8854586.0,8854586.0,0.0,RECEITA NAO ESTIMADA
4291,FES,1,CONVENIOS COM A UNIAO E SUAS ENTIDADES - EMENDAS INDIVIDUAIS,0.0,0.0,0.0,0.0,0.0,OK
4291,FES,10,RECURSOS ORDINARIOS - RECURSOS NAO VINCULADOS DE IMPOSTOS,33662.32,29841.92,7092222.25,7732896.0,0.0,RECEITA NAO ESTIMADA
4291,FES,24,CONVENIOS COM A UNIAO E SUAS ENTIDADES - EXCETO EMENDAS INDIVIDUAIS E DE BANCADA,4799349.48,729648.88,1846945.0,1846945.0,0.0,RECEITA NAO ESTIMADA
4291,FES,37,TRANSFERENCIAS DA UNIAO VINCULADAS A SAUDE,28556832.68,1872650.85,2340568.86,2501000.0,0.0,RECEITA NAO ESTIMADA
4291,FES,57,TRANSFERENCIAS DA UNIAO POR MEIO DE PORTARIA - EXCETO EMENDAS INDIVIDUAIS E DE BANCADA,109033481.33,100687286.87,72719660.0,72719660.0,0.0,RECEITA NAO ESTIMADA
4291,FES,60,RECURSOS DIRETAMENTE ARRECADADOS,31368873.57,18056126.68,21505708.23,22588635.0,0.0,RECEITA NAO ESTIMADA
4291,FES,62,TRANSFERENCIAS DA UNIAO VINCULADAS A SAUDE - BLOCO MANUTENCAO - EMENDAS INDIVIDUAIS,82495476.76,18670638.83,42477661.0,42477661.0,0.0,RECEITA NAO ESTIMADA
4291,FES,63,TRANSFERENCIAS DA UNIAO VINCULADAS A SAUDE - BLOCO MANUTENCAO - EMENDAS DE BANCADA,19918780.03,3475252.85,10188627.0,10188627.0,0.0,RECEITA NAO ESTIMADA
4291,FES,64,TRANSFERENCIAS DA UNIAO VINCULADAS A SAUDE - BLOCO ESTRUTURACAO - EMENDAS INDIVIDUAIS,135116.14,121389.85,1511346.0,1511346.0,0.0,RECEITA NAO ESTIMADA
4291,FES,65,TRANSFERENCIAS DA UNIAO VINCULADAS A SAUDE - BLOCO ESTRUTURACAO - EMENDAS DE BANCADA,0.0,0.0,18655950.0,18655950.0,0.0,ATENCAO
4291,FES,92,TRANSFERENCIAS DA UNIAO VINCULADAS A SAUDE - BLOCO MANUTENCAO - EXCETO EMENDAS INDIV. E DE BANCADA,602178448.73,729575086.19,570036170.14,570034780.0,0.0,RECEITA NAO ESTIMADA
4291,FES,93,TRANSFERENCIAS DA UNIAO VINCULADAS A SAUDE - BLOCO ESTRUTURACAO - EXCETO EMENDAS INDIV. E DE BANCADA,474163.94,6359437.35,153951000.0,153951000.0,0.0,RECEITA NAO ESTIMADA
4291,FES,95,RECURSOS RECEBIDOS POR DANOS ADVINDOS DE DESASTRES SOCIOAMBIENTAIS,0.0,0.0,0.0,0.0,0.0,OK
4331,FDM,9,"TERMOS DE AJUSTAMENTO, DOACOES CONTROLADAS POR INSTRUMENTO JURIDICO E CONGENERES",0.0,0.0,0.0,0.0,0.0,OK
4331,FDM,59,OUTROS RECURSOS VINCULADOS,653201.86,2647909.82,3299636.63,3592436.0,0.0,RECEITA NAO ESTIMADA
4341,FHIDRO,61,RECURSOS DIRETAMENTE ARRECADADOS COM VINCULACAO ESPECIFICA,1066314.9,123999.73,1375000.0,1500000.0,0.0,RECEITA NAO ESTIMADA
4381,FUNTRANS,54,TAXA DE LICENCIAMENTO DA FAIXA DE DOMINIO DAS RODOVIAS,4524222.65,6690432.24,6693703.84,3871712.0,0.0,RECEITA NAO ESTIMADA
4381,FUNTRANS,60,RECURSOS DIRETAMENTE ARRECADADOS,402414122.98,266230336.06,265956581.08,154145937.0,0.0,RECEITA NAO ESTIMADA
4381,FUNTRANS,83,NOTIFICACAO DE INFRACAO DE TRANSITO FUNTRANS,188893259.34,198337817.02,196164760.84,196165506.0,0.0,RECEITA NAO ESTIMADA
4421,FUNDIF,39,MULTAS PECUNIARIAS E JUROS DE MORA FIXADOS EM SENTENCAS JUDICIAIS,4429797.62,8858863.11,4414741.31,4653000.0,0.0,RECEITA NAO ESTIMADA
4441,FUNEMP,47,ALIENACAO DE BENS DE ENTIDADES ESTADUAIS,0.0,0.0,50000.0,50000.0,0.0,ATENCAO
4441,FUNEMP,60,RECURSOS DIRETAMENTE ARRECADADOS,52558416.66,72442118.54,49967513.65,49950000.0,0.0,RECEITA NAO ESTIMADA
4451,FEPDC,47,ALIENACAO DE BENS DE ENTIDADES ESTADUAIS,0.0,0.0,50000.0,50000.0,0.0,ATENCAO
4451,FEPDC,60,RECURSOS DIRETAMENTE ARRECADADOS,79957493.49,65710976.64,44950000.0,44950000.0,0.0,RECEITA NAO ESTIMADA
4491,FEC,59,OUTROS RECURSOS VINCULADOS,39945815.52,31290949.67,22369533.67,22452867.0,0.0,RECEITA NAO ESTIMADA
4541,FAHMEMG,60,RECURSOS DIRETAMENTE ARRECADADOS,28381267.18,30803238.05,27899758.89,28502245.0,0.0,RECEITA NAO ESTIMADA
4551,FUNAPEC,59,OUTROS RECURSOS VINCULADOS,0.0,0.0,79837393.01,79837393.0,0.0,ATENCAO
4551,FUNAPEC,60,RECURSOS DIRETAMENTE ARRECADADOS,74577014.52,80009654.44,0.0,0.0,0.0,ATENCAO
4601,FEI,45,"DOACOES DE PESSOAS, DE INSTITUICOES PRIVADAS OU DO EXTERIOR A ORGAO E ENTIDADES DO ESTADO",1266593.86,1048206.2,5802500.0,6330000.0,0.0,RECEITA NAO ESTIMADA
4611,FUNCONTAS,60,RECURSOS DIRETAMENTE ARRECADADOS,4952794.62,5973509.54,6000000.0,6000000.0,0.0,RECEITA NAO ESTIMADA
4621,MG INVESTE,60,RECURSOS DIRETAMENTE ARRECADADOS,21654601.59,17356959.49,9904583.86,10800000.0,15800000.0,OK
4631,FPP - MG,10,RECURSOS ORDINARIOS - RECURSOS NAO VINCULADOS DE IMPOSTOS,0.0,0.0,2000.0,2000.0,0.0,ATENCAO
4631,FPP - MG,60,RECURSOS DIRETAMENTE ARRECADADOS,29432536.65,19228816.03,0.0,0.0,0.0,ATENCAO
4661,FAIMG,60,RECURSOS DIRETAMENTE ARRECADADOS,0.0,401644.47,429178.75,468195.0,0.0,ATENCAO
4691,FESP-MG,57,TRANSFERENCIAS DA UNIAO POR MEIO DE PORTARIA - EXCETO EMENDAS INDIVIDUAIS E DE BANCADA,52533960.3,52478484.59,92936201.0,92936201.0,0.0,RECEITA NAO ESTIMADA
4701,FET-MG,57,TRANSFERENCIAS DA UNIAO POR MEIO DE PORTARIA - EXCETO EMENDAS INDIVIDUAIS E DE BANCADA,4461942.5,1633250.88,15485778.0,15485778.0,0.0,RECEITA NAO ESTIMADA
4701,FET-MG,60,RECURSOS DIRETAMENTE ARRECADADOS,166441.39,0.0,0.0,0.0,0.0,OK
4711,FFP - MG,10,RECURSOS ORDINARIOS - RECURSOS NAO VINCULADOS DE IMPOSTOS,47572.23,110659.95,62321.15,47050.0,0.0,RECEITA NAO ESTIMADA
4711,FFP - MG,30,CONTRIBUICAO A APOSENTADORIA,0.0,0.0,139037773.94,0.0,0.0,ATENCAO
4711,FFP - MG,42,CONTRIBUICAO PATRONAL PARA O RPPS,6166834137.13,6543770001.88,6882189421.91,7157695585.0,0.0,RECEITA NAO ESTIMADA
4711,FFP - MG,43,CONTRIBUICAO DO SERVIDOR PARA O RPPS,3357358367.07,3377054149.3,3596855214.55,3694896077.0,0.0,RECEITA NAO ESTIMADA
4711,FFP - MG,44,COMPENSACAO FINANCEIRA ENTRE REGIMES DE PREVIDENCIA,42046001.98,97430557.64,41676951.37,41641705.0,0.0,RECEITA NAO ESTIMADA
4711,FFP - MG,52,TAXA DE CONTROLE E FISCALIZACAO AMBIENTAL,7856.54,2915.26,5762.17,6286.0,0.0,RECEITA NAO ESTIMADA
4711,FFP - MG,58,RECURSOS PARA COBERTURA DE INSUFICIENCIA FINANCEIRA DO RPPS,0.0,581015225.29,0.0,0.0,0.0,ATENCAO
4711,FFP - MG,60,RECURSOS DIRETAMENTE ARRECADADOS,186325.67,32246.25,153042.78,166588.0,0.0,RECEITA NAO ESTIMADA
4711,FFP - MG,61,RECURSOS DIRETAMENTE ARRECADADOS COM VINCULACAO ESPECIFICA,76857886.73,32639198.8,69964656.19,68579821.0,0.0,RECEITA NAO ESTIMADA
4711,FFP - MG,75,CONTRIBUICAO PATRONAL PARA CUSTEIO DOS PROVENTOS DOS MILITARES,0.0,0.0,504457766.15,0.0,0.0,ATENCAO
4731,,59,OUTROS RECURSOS VINCULADOS,0.0,0.0,0.0,0.0,0.0,OK
4741,,59,OUTROS RECURSOS VINCULADOS,0.0,0.0,0.0,0.0,25000000.0,OK
4741,,60,RECURSOS DIRETAMENTE ARRECADADOS,0.0,0.0,0.0,0.0,15000000.0,OK
4751,,59,OUTROS RECURSOS VINCULADOS,0.0,0.0,0.0,0.0,0.0,OK
9901,RGE,1,CONVENIOS COM A UNIAO E SUAS ENTIDADES - EMENDAS INDIVIDUAIS,0.0,0.0,0.0,17170138.0,0.0,OK
9901,RGE,2,CONVENIOS COM A UNIAO E SUAS ENTIDADES - EMENDAS DE BANCADA,0.0,0.0,0.0,82828230.0,0.0,OK
9901,RGE,3,TRANSFERENCIAS DO FNDE VINCULADAS A EDUCACAO - EMENDAS INDIVIDUAIS,0.0,0.0,0.0,5641071.0,0.0,OK
9901,RGE,4,TRANSFERENCIAS DO FNDE VINCULADAS A EDUCACAO - EMENDAS DE BANCADA,0.0,0.0,0.0,0.0,0.0,OK
9901,RGE,9,"TERMOS DE AJUSTAMENTO, DOACOES CONTROLADAS POR INSTRUMENTO JURIDICO E CONGENERES",0.0,0.0,0.0,9523000.0,0.0,OK
9901,RGE,10,RECURSOS ORDINARIOS - RECURSOS NAO VINCULADOS DE IMPOSTOS,62701681464.88,70640041606.07,75532178605.62,73046636589.0,0.0,RECEITA NAO ESTIMADA
9901,RGE,11,RECURSOS DE DESVINCULACAO DE RECEITAS,1245779647.03,1241860715.84,1265055285.85,1529186924.0,0.0,RECEITA NAO ESTIMADA
9901,RGE,12,OPERACOES DE CREDITO CONTRATUAIS - SWAP,0.0,0.0,767.25,837.0,0.0,ATENCAO
9901,RGE,13,FUNDO DE MANUTENCAO E DESENVOLVIMENTO DA EDUCACAO BASICA - FUNDEB - REGULARIZACAO DE EXERCICIOS ANTE,0.0,0.0,0.0,2100000.0,0.0,OK
9901,RGE,15,RECURSOS ORDINARIOS - OUTROS RECURSOS NAO VINCULADOS,4173278940.02,5162369192.63,4744544809.01,4081035721.0,0.0,RECEITA NAO ESTIMADA
9901,RGE,16,DEMAIS TRANSFERENCIAS VINCULADAS DA UNIAO,0.0,0.0,0.0,141847763.0,0.0,OK
9901,RGE,17,TRANSFERENCIAS DESTINADAS AO SETOR CULTURAL - LC 195/2022 - ART 5O - AUDIOVISUAL,0.0,0.0,0.0,6710501.0,0.0,OK
9901,RGE,19,RECURSOS NAO VINCULADOS DA COMPENSACAO DE IMPOSTOS,106497629.98,0.0,504269510.01,504269510.0,0.0,ATENCAO
9901,RGE,20,RECURSOS CONSTITUC.VINCULADOS AOS MUNICIPIOS,0.0,-0.0,-53.37,0.0,0.0,OK
9901,RGE,21,COTA ESTADUAL DO SALARIO EDUCACAO - QESE,0.0,0.0,0.0,861500000.0,0.0,OK
9901,RGE,23,FUNDO DE MANUTENCAO E DESENVOLVIMENTO DA EDUCACAO BASICA - FUNDEB,0.0,-0.0,-0.0,12996682660.0,0.0,OK
9901,RGE,24,CONVENIOS COM A UNIAO E SUAS ENTIDADES - EXCETO EMENDAS INDIVIDUAIS E DE BANCADA,24.05,0.0,0.0,2147382750.0,0.0,OK
9901,RGE,25,OPERACOES DE CREDITO CONTRATUAIS,35298548.43,34917792.85,32587260.0,32587260.0,0.0,RECEITA NAO ESTIMADA
9901,RGE,26,TAXA FLORESTAL - ADMINISTRACAO INDIRETA,0.0,0.0,0.0,0.0,0.0,OK
9901,RGE,27,TAXA DE SEGURANCA PUBLICA,1380665251.27,1185095350.43,1247789925.65,1322391859.0,0.0,RECEITA NAO ESTIMADA
9901,RGE,29,TAXA DE EXPEDIENTE - ADMINISTRACAO DIRETA,45711754.29,25963270.97,28990886.21,28981843.0,0.0,RECEITA NAO ESTIMADA
9901,RGE,30,CONTRIBUICAO A APOSENTADORIA,0.0,21820387.29,11672445.79,186552041.0,0.0,ATENCAO
9901,RGE,31,UTILIZACAO DE RECURSOS HIDRICOS,70450093.03,78756531.09,71648785.67,71657243.0,0.0,RECEITA NAO ESTIMADA
9901,RGE,32,EXPLORACAO DE RECURSOS MINERAIS,328619393.12,351848681.18,375829398.0,375829398.0,0.0,RECEITA NAO ESTIMADA
9901,RGE,33,EXPLORACAO E PRODUCAO DE PETROLEO E GAS NATURAL,31026746.71,36643305.2,37947881.0,37947881.0,0.0,RECEITA NAO ESTIMADA
9901,RGE,36,TRANSFERENCIAS DO FNDE VINCULADAS A EDUCACAO - EXCETO EMENDAS INDIVIDUAIS E DE BANCADA,0.0,0.0,0.0,461105173.0,0.0,OK
9901,RGE,38,TRANSFERENCIAS DA UNIAO VINCULADAS AO ESPORTE,0.0,0.0,0.0,27477117.0,0.0,OK
9901,RGE,40,RECURSOS FUNDOS EXTINTOS-LEI NO 13.848/2001,0.0,508498.37,3116.66,3400.0,0.0,ATENCAO
9901,RGE,45,"DOACOES DE PESSOAS, DE INSTITUICOES PRIVADAS OU DO EXTERIOR A ORGAO E ENTIDADES DO ESTADO",0.0,0.0,0.0,156004.0,0.0,OK
9901,RGE,46,"DOACOES DE PESSOAS, DE INSTITUICOES PRIVADAS OU DO EXTERIOR AO TESOURO ESTADUAL",10518.65,5391.86,1235.15,1071.0,0.0,RECEITA NAO ESTIMADA
9901,RGE,47,ALIENACAO DE BENS DE ENTIDADES ESTADUAIS,30.0,0.0,0.0,6250000.0,0.0,OK
9901,RGE,48,ALIENACAO DE BENS DO TESOURO ESTADUAL,38769944.15,4852234.21,21049396.76,21883351.0,0.0,RECEITA NAO ESTIMADA
9901,RGE,51,CONTRIBUICAO DE INTERVENCAO NO DOMINIO ECONOMICO/COMBUSTIVEIS-CIDE,11254836.05,79061277.77,91535021.01,75072675.0,0.0,RECEITA NAO ESTIMADA
9901,RGE,53,TAXA DE INCENDIO,1153742.33,8319.77,2939.75,3207.0,0.0,RECEITA NAO ESTIMADA
9901,RGE,57,TRANSFERENCIAS DA UNIAO POR MEIO DE PORTARIA - EXCETO EMENDAS INDIVIDUAIS E DE BANCADA,0.0,7.2,0.0,12502000.0,0.0,ATENCAO
9901,RGE,59,OUTROS RECURSOS VINCULADOS,0.0,0.0,0.0,14594825.0,0.0,OK
9901,RGE,60,RECURSOS DIRETAMENTE ARRECADADOS,110644.86,1495.96,0.0,288206811.0,0.0,ATENCAO
9901,RGE,61,RECURSOS DIRETAMENTE ARRECADADOS COM VINCULACAO ESPECIFICA,0.0,0.0,0.0,98740.0,0.0,OK
9901,RGE,66,ACORDOS E AJUSTES DE COOPERACAO MUTUA COM OS ESTADOS E O DISTRITO FEDERAL,0.0,0.0,0.0,761995.0,0.0,OK
9901,RGE,68,CONVENIOS COM AS INSTITUICOES PRIVADAS E OS ORGANISMOS DO EXTERIOR,0.0,0.0,0.0,1502000.0,0.0,OK
9901,RGE,69,CONVENIOS COM OS ESTADOS E O DISTRITO FEDERAL,0.0,0.0,0.0,27253000.0,0.0,OK
9901,RGE,70,CONVENIOS COM OS MUNICIPIOS,0.0,0.0,0.0,50348302.0,0.0,OK
9901,RGE,71,RECURSOS DO FUNDO ESTADUAL DE ERRADICACAO DA MISERIA,88815732.96,776258168.76,792598408.45,545685054.0,0.0,RECEITA NAO ESTIMADA
9901,RGE,72,TAXA DE FISCALIZACAO DE RECURSOS MINERARIOS,374951627.24,407148083.68,424679277.42,380355187.0,0.0,RECEITA NAO ESTIMADA
9901,RGE,73,"ACORDOS, AJUSTES E DEMAIS INSTRUMENTOS DE COOPERACAO MUTUA COM A UNIAO E SUAS ENTIDADES",0.0,0.0,0.0,76832000.0,0.0,OK
9901,RGE,74,ACORDOS E AJUSTES DE COOPERACAO MUTUA COM AS INSTITUICOES PRIVADAS E OS ORGANISMOS DO EXTERIOR,0.0,0.0,0.0,25772605.0,0.0,OK
9901,RGE,75,CONTRIBUICAO PATRONAL PARA CUSTEIO DOS PROVENTOS DOS MILITARES,0.0,84705643.87,42028879.08,545754463.0,0.0,ATENCAO
9901,RGE,78,CONTRIBUICAO MILITAR PARA CUSTEIO DO SISTEMA DE PROTECAO SOCIAL DOS MILITARES,1532354109.02,1320239537.36,0.0,0.0,0.0,ATENCAO
9901,RGE,79,CONTRIBUICAO PATRONAL PARA O FUNPREV,0.0,0.0,0.0,0.0,0.0,OK
9901,RGE,80,RECURSOS DO ACORDO DE REPACTUACAO DO RIO DOCE,0.0,744936050.24,816925213.46,809526379.0,0.0,ATENCAO
9901,RGE,82,NOTIFICACAO DE INFRACAO DE TRANSITO ESTADO,142343203.39,115478246.12,137459096.0,137459096.0,0.0,RECEITA NAO ESTIMADA
9901,RGE,90,TRANSFERENCIAS DO FUNDEB - COMPLEMENTACAO DA UNIAO - VAAR,0.0,0.0,0.0,0.0,0.0,OK
9901,RGE,94,TAXA FLORESTAL - ADMINISTRACAO DIRETA,12564417.01,9420778.39,9844803.0,9844803.0,0.0,RECEITA NAO ESTIMADA
9901,RGE,95,RECURSOS RECEBIDOS POR DANOS ADVINDOS DE DESASTRES SOCIOAMBIENTAIS,3477781128.36,3149510852.67,1594250717.24,1036541750.0,0.0,RECEITA NAO ESTIMADA
9901,RGE,97,TRANSFERENCIAS ESPECIAIS DE RECURSOS DA UNIAO - RECURSOS RECEBIDOS ATE 2023,45083429.54,5162256.36,97738342.31,100000000.0,0.0,RECEITA NAO ESTIMADA
9901,RGE,98,TRANSFERENCIAS ESPECIAIS DE RECURSOS DA UNIAO,0.0,0.0,0.0,0.0,0.0,OK
